"File","Dir","Source","Url"
"__Fiona.jpg","characters\xinyi","https://zh.moegirl.org.cn/%E5%BF%83%E5%AE%9C","https://storage.moegirl.org.cn/moegirl/commons/9/99/%E5%BF%83%E5%AE%9CFiona.jpg"
"______Logo.png","characters\xinyi","https://zh.moegirl.org.cn/%E5%BF%83%E5%AE%9C","https://storage.moegirl.org.cn/moegirl/commons/0/08/%E6%9E%9D%E6%B1%9F%E5%A8%B1%E4%B9%90_%E5%B0%8FLogo.png"
"_____Logo.png","characters\xinyi","https://zh.moegirl.org.cn/%E5%BF%83%E5%AE%9C","https://storage.moegirl.org.cn/moegirl/commons/8/88/%E6%9E%9D%E6%B1%9F%E5%A8%B1%E4%B9%90_Logo.png"
"A-SOUL__.png","characters\xinyi","https://zh.moegirl.org.cn/%E5%BF%83%E5%AE%9C","https://storage.moegirl.org.cn/moegirl/commons/4/4e/A-SOUL%E9%80%8F%E6%98%8E.png"
"__Ava___.jpg","characters\xinyi","https://zh.moegirl.org.cn/%E5%BF%83%E5%AE%9C","https://storage.moegirl.org.cn/moegirl/commons/e/e1/%E5%90%91%E6%99%9AAva_%E5%85%AC%E5%BC%8F.jpg"
"__Bella___.jpg","characters\xinyi","https://zh.moegirl.org.cn/%E5%BF%83%E5%AE%9C","https://storage.moegirl.org.cn/moegirl/commons/8/85/%E8%B4%9D%E6%8B%89Bella_%E5%85%AC%E5%BC%8F.jpg"
"__Diana___.jpg","characters\xinyi","https://zh.moegirl.org.cn/%E5%BF%83%E5%AE%9C","https://storage.moegirl.org.cn/moegirl/commons/7/78/%E5%98%89%E7%84%B6Diana_%E5%85%AC%E5%BC%8F.jpg"
"__Eileen___.jpg","characters\xinyi","https://zh.moegirl.org.cn/%E5%BF%83%E5%AE%9C","https://storage.moegirl.org.cn/moegirl/commons/c/c4/%E4%B9%83%E7%90%B3Eileen_%E5%85%AC%E5%BC%8F.jpg"
"__Laffey___.jpg","characters\xinyi","https://zh.moegirl.org.cn/%E5%BF%83%E5%AE%9C","https://storage.moegirl.org.cn/moegirl/commons/5/5e/%E6%9D%A5%E8%8A%99Laffey_%E5%85%AC%E5%BC%8F.jpg"
"______Logo.png","characters\sinuo","https://zh.moegirl.org.cn/%E6%80%9D%E8%AF%BA","https://storage.moegirl.org.cn/moegirl/commons/0/08/%E6%9E%9D%E6%B1%9F%E5%A8%B1%E4%B9%90_%E5%B0%8FLogo.png"
"_____Logo.png","characters\sinuo","https://zh.moegirl.org.cn/%E6%80%9D%E8%AF%BA","https://storage.moegirl.org.cn/moegirl/commons/8/88/%E6%9E%9D%E6%B1%9F%E5%A8%B1%E4%B9%90_Logo.png"
"A-SOUL__.png","characters\sinuo","https://zh.moegirl.org.cn/%E6%80%9D%E8%AF%BA","https://storage.moegirl.org.cn/moegirl/commons/4/4e/A-SOUL%E9%80%8F%E6%98%8E.png"
"__Ava___.jpg","characters\sinuo","https://zh.moegirl.org.cn/%E6%80%9D%E8%AF%BA","https://storage.moegirl.org.cn/moegirl/commons/e/e1/%E5%90%91%E6%99%9AAva_%E5%85%AC%E5%BC%8F.jpg"
"__Laffey___.jpg","characters\sinuo","https://zh.moegirl.org.cn/%E6%80%9D%E8%AF%BA","https://storage.moegirl.org.cn/moegirl/commons/5/5e/%E6%9D%A5%E8%8A%99Laffey_%E5%85%AC%E5%BC%8F.jpg"
"291da5bc105197f66dd91c2bb23ddfe90a48c0c9.jpg_708w_398h.webp","emoji\sinuo","https://www.bilibili.com/opus/1072383914312466439","http://i0.hdslb.com/bfs/archive/291da5bc105197f66dd91c2bb23ddfe90a48c0c9.jpg@708w_398h.webp"
"512.png","emoji\asoul","https://www.bilibili.com/opus/1006376344301338649","https://static.hdslb.com/mobile/img/512.png"
"f8af18fb8ddb9297307c4f36b953066a98005f8f.jpg_708w_398h.webp","emoji\asoul","https://www.bilibili.com/opus/1006376344301338649","http://i2.hdslb.com/bfs/archive/f8af18fb8ddb9297307c4f36b953066a98005f8f.jpg@708w_398h.webp"
"e2625afe088a32b8bf88007f7690498baaee2ae0.png","emoji\asoul","https://www.bilibili.com/opus/1006376344301338649","https://i0.hdslb.com/bfs/note/e2625afe088a32b8bf88007f7690498baaee2ae0.png"
"22-coin-ani.png","emoji\asoul","https://www.bilibili.com/opus/1006376344301338649","https://i0.hdslb.com/bfs/static/jinkela/video/asserts/22-coin-ani.png"
"A-SOUL__.png","emoji\fans","https://zh.moegirl.org.cn/A-SOUL","https://storage.moegirl.org.cn/moegirl/commons/4/4e/A-SOUL%E9%80%8F%E6%98%8E.png"
"______.png","emoji\fans","https://zh.moegirl.org.cn/A-SOUL","https://storage.moegirl.org.cn/moegirl/commons/e/e5/%E5%90%91%E6%99%9A_%E6%88%91%E4%BB%AC%E6%98%AF.png"
"__kira____.png","emoji\fans","https://zh.moegirl.org.cn/A-SOUL","https://storage.moegirl.org.cn/moegirl/commons/b/b1/%E8%B4%9D%E6%8B%89kira_%E6%88%91%E4%BB%AC%E6%98%AF.png"
"__Carol____.png","emoji\fans","https://zh.moegirl.org.cn/A-SOUL","https://storage.moegirl.org.cn/moegirl/commons/c/c3/%E7%8F%88%E4%B9%90Carol_%E6%88%91%E4%BB%AC%E6%98%AF.png"
"__Queen____.png","emoji\fans","https://zh.moegirl.org.cn/A-SOUL","https://storage.moegirl.org.cn/moegirl/commons/0/03/%E4%B9%83%E7%90%B3Queen_%E6%88%91%E4%BB%AC%E6%98%AF.png"
"_______.jpg","emoji\fans","https://zh.moegirl.org.cn/A-SOUL","https://storage.moegirl.org.cn/moegirl/commons/5/59/%E5%90%91%E6%99%9A%E7%9B%B4%E6%92%AD%E9%97%B4%E5%BD%A2%E8%B1%A1.jpg"
"Q_Ava.webp","emoji\fans","https://zh.moegirl.org.cn/A-SOUL","https://storage.moegirl.org.cn/moegirl/commons/8/8c/Q_Ava.webp"
"Q_Bella.webp","emoji\fans","https://zh.moegirl.org.cn/A-SOUL","https://storage.moegirl.org.cn/moegirl/commons/7/7d/Q_Bella.webp"
"Q_Carol.webp","emoji\fans","https://zh.moegirl.org.cn/A-SOUL","https://storage.moegirl.org.cn/moegirl/commons/8/85/Q_Carol.webp"
"Q_Diana.webp","emoji\fans","https://zh.moegirl.org.cn/A-SOUL","https://storage.moegirl.org.cn/moegirl/commons/6/66/Q_Diana.webp"
"Q_Eileen.webp","emoji\fans","https://zh.moegirl.org.cn/A-SOUL","https://storage.moegirl.org.cn/moegirl/commons/0/08/Q_Eileen.webp"
"_____.webp","emoji\fans","https://zh.moegirl.org.cn/A-SOUL","https://storage.moegirl.org.cn/moegirl/commons/4/4b/%E9%98%BF%E8%8D%89_%E7%88%B1%E5%BF%83.webp"
"___Re-sonance____.png","emoji\fans","https://zh.moegirl.org.cn/A-SOUL","https://storage.moegirl.org.cn/moegirl/commons/0/00/%E5%85%B1%E9%B8%A3_Re-sonance_%28%E4%B8%8A%29.png"
"__Bloom___.png","emoji\fans","https://zh.moegirl.org.cn/A-SOUL","https://storage.moegirl.org.cn/moegirl/commons/3/35/%E7%BB%BD%E6%94%BEBloom%EF%BC%88%E4%B8%8B%EF%BC%89.png"
"_____01.png","emoji\fans","https://zh.moegirl.org.cn/A-SOUL","https://storage.moegirl.org.cn/moegirl/commons/5/5a/%E8%A1%80%E8%89%B2%E6%96%B0%E6%98%A5_01.png"
"A-SOUL_BW__________.webp","emoji\fans","https://zh.moegirl.org.cn/A-SOUL","https://storage.moegirl.org.cn/moegirl/commons/2/22/A-SOUL_BW%E8%A7%81%E9%9D%A2%E4%BC%9A_%E7%B2%89%E4%B8%9D%E9%98%B5%E8%90%A5%E5%88%92%E5%88%86.webp"
"__Ava___.jpg","emoji\fans","https://zh.moegirl.org.cn/A-SOUL","https://storage.moegirl.org.cn/moegirl/commons/e/e1/%E5%90%91%E6%99%9AAva_%E5%85%AC%E5%BC%8F.jpg"
"__Bella___.jpg","emoji\fans","https://zh.moegirl.org.cn/A-SOUL","https://storage.moegirl.org.cn/moegirl/commons/8/85/%E8%B4%9D%E6%8B%89Bella_%E5%85%AC%E5%BC%8F.jpg"
"__Carol___.jpg","emoji\fans","https://zh.moegirl.org.cn/A-SOUL","https://storage.moegirl.org.cn/moegirl/commons/b/b1/%E7%8F%88%E4%B9%90Carol_%E5%85%AC%E5%BC%8F.jpg"
"__Diana___.jpg","emoji\fans","https://zh.moegirl.org.cn/A-SOUL","https://storage.moegirl.org.cn/moegirl/commons/7/78/%E5%98%89%E7%84%B6Diana_%E5%85%AC%E5%BC%8F.jpg"
"__Eileen___.jpg","emoji\fans","https://zh.moegirl.org.cn/A-SOUL","https://storage.moegirl.org.cn/moegirl/commons/c/c4/%E4%B9%83%E7%90%B3Eileen_%E5%85%AC%E5%BC%8F.jpg"
"_____Logo.png","emoji\fans","https://zh.moegirl.org.cn/A-SOUL","https://storage.moegirl.org.cn/moegirl/commons/8/88/%E6%9E%9D%E6%B1%9F%E5%A8%B1%E4%B9%90_Logo.png"
"__Fiona___.jpg","emoji\fans","https://zh.moegirl.org.cn/A-SOUL","https://storage.moegirl.org.cn/moegirl/commons/b/b6/%E5%BF%83%E5%AE%9CFiona_%E5%85%AC%E5%BC%8F.jpg"
"__Gladys___.jpg","emoji\fans","https://zh.moegirl.org.cn/A-SOUL","https://storage.moegirl.org.cn/moegirl/commons/a/a6/%E6%80%9D%E8%AF%BAGladys_%E5%85%AC%E5%BC%8F.jpg"
"__Laffey___.jpg","emoji\fans","https://zh.moegirl.org.cn/A-SOUL","https://storage.moegirl.org.cn/moegirl/commons/5/5e/%E6%9D%A5%E8%8A%99Laffey_%E5%85%AC%E5%BC%8F.jpg"
"A-SOUL____.jpg","emoji\fans","https://zh.moegirl.org.cn/A-SOUL","https://storage.moegirl.org.cn/moegirl/commons/7/78/A-SOUL%E5%AE%98%E6%96%B9%E6%B5%B7%E6%8A%A5.jpg"
"poster-optimized.jpg","characters\xinyi","https://fionagladys.com/start","https://fionagladys.com/hero/poster-optimized.jpg"
"24933f3de9c3469f9a29d2a5bdda6414e0954405.png","emoji\asoul","https://www.bilibili.com/read/cv14661885/","https://i0.hdslb.com/bfs/article/24933f3de9c3469f9a29d2a5bdda6414e0954405.png"
"691a5909f92ce329dce9dee78f6d4e397abda555.jpg","emoji\asoul","https://www.bilibili.com/read/cv14661885/","https://i0.hdslb.com/bfs/article/691a5909f92ce329dce9dee78f6d4e397abda555.jpg"
"c8189b230fa5ade9b5351513fdc257e82ab9381a.jpg","emoji\asoul","https://www.bilibili.com/read/cv14661885/","https://i0.hdslb.com/bfs/article/c8189b230fa5ade9b5351513fdc257e82ab9381a.jpg"
"18ebd5c4e7b9ea0abec9f78e9f5b9d2a4f0fafd3.jpg","emoji\asoul","https://www.bilibili.com/read/cv14661885/","https://i0.hdslb.com/bfs/article/18ebd5c4e7b9ea0abec9f78e9f5b9d2a4f0fafd3.jpg"
"9b41b6a727dd9d9bd058fa5612c4a88ecad4485a.jpg","emoji\asoul","https://www.bilibili.com/read/cv14661885/","https://i0.hdslb.com/bfs/article/9b41b6a727dd9d9bd058fa5612c4a88ecad4485a.jpg"
"2e128b7a185b767a069ea2345c22a002cc4882b3.jpg","emoji\asoul","https://www.bilibili.com/read/cv14661885/","https://i0.hdslb.com/bfs/article/2e128b7a185b767a069ea2345c22a002cc4882b3.jpg"
"cae536784c20572ee150dfc91e2708b03638c835.jpg","emoji\asoul","https://www.bilibili.com/read/cv14661885/","https://i0.hdslb.com/bfs/article/cae536784c20572ee150dfc91e2708b03638c835.jpg"
"8aaf54fe8898fa7ccd9c64b13ef95d65c6539d0f.jpg","emoji\asoul","https://www.bilibili.com/read/cv14661885/","https://i0.hdslb.com/bfs/article/8aaf54fe8898fa7ccd9c64b13ef95d65c6539d0f.jpg"
"d8b15757674551c80eab007dbec3f4d16b0b2cd0.jpg","emoji\asoul","https://www.bilibili.com/read/cv14661885/","https://i0.hdslb.com/bfs/article/d8b15757674551c80eab007dbec3f4d16b0b2cd0.jpg"
"e90369df333332585859f74cd2779e9ad163d369.jpg","emoji\asoul","https://www.bilibili.com/read/cv14661885/","https://i0.hdslb.com/bfs/article/e90369df333332585859f74cd2779e9ad163d369.jpg"
"3c510587c9676120b271534f83b29609da4b3c83.jpg","emoji\asoul","https://www.bilibili.com/read/cv14661885/","https://i0.hdslb.com/bfs/article/3c510587c9676120b271534f83b29609da4b3c83.jpg"
"af6f142003c832973af39401d3099a8c49cfb228.jpg","emoji\asoul","https://www.bilibili.com/read/cv14661885/","https://i0.hdslb.com/bfs/article/af6f142003c832973af39401d3099a8c49cfb228.jpg"
"ce78b15afaf21e64ba5612b8820fc20b266dd280.jpg","emoji\asoul","https://www.bilibili.com/read/cv14661885/","https://i0.hdslb.com/bfs/article/ce78b15afaf21e64ba5612b8820fc20b266dd280.jpg"
"678e7cf2b465b5745705b3ccb50e519478060c41.jpg","emoji\asoul","https://www.bilibili.com/read/cv14661885/","https://i0.hdslb.com/bfs/article/678e7cf2b465b5745705b3ccb50e519478060c41.jpg"
"e989c191cf9610620d9de6aebae838064c4e64c0.jpg","emoji\asoul","https://www.bilibili.com/read/cv14661885/","https://i0.hdslb.com/bfs/article/e989c191cf9610620d9de6aebae838064c4e64c0.jpg"
"55b91b404c0767587ff47d2071357ff6804eb7d7.jpg","emoji\asoul","https://www.bilibili.com/read/cv14661885/","https://i0.hdslb.com/bfs/article/55b91b404c0767587ff47d2071357ff6804eb7d7.jpg"
"a9a105d998b1bb22fb13f4f3f005e4125d11bc8e.jpg","emoji\asoul","https://www.bilibili.com/read/cv14661885/","https://i0.hdslb.com/bfs/article/a9a105d998b1bb22fb13f4f3f005e4125d11bc8e.jpg"
"c3439d6758e0d5877efb8a1b95fc2cca5b7d09a2.jpg","emoji\asoul","https://www.bilibili.com/read/cv14661885/","https://i0.hdslb.com/bfs/article/c3439d6758e0d5877efb8a1b95fc2cca5b7d09a2.jpg"
"9bc3f7e30c631302b98cd414a02f0bd169e94e36.jpg","emoji\asoul","https://www.bilibili.com/read/cv14661885/","https://i0.hdslb.com/bfs/article/9bc3f7e30c631302b98cd414a02f0bd169e94e36.jpg"
"301f29beb3de06c8b3cce3d3070a0a6778057b74.jpg","emoji\asoul","https://www.bilibili.com/read/cv14661885/","https://i0.hdslb.com/bfs/article/301f29beb3de06c8b3cce3d3070a0a6778057b74.jpg"
"3b4627b68b230ad8ba052e7f7011d25a791984af.jpg","emoji\asoul","https://www.bilibili.com/read/cv14661885/","https://i0.hdslb.com/bfs/article/3b4627b68b230ad8ba052e7f7011d25a791984af.jpg"
"eed44737849e9e41e749c80b3fda63f09a320680.jpg","emoji\asoul","https://www.bilibili.com/read/cv14661885/","https://i0.hdslb.com/bfs/article/eed44737849e9e41e749c80b3fda63f09a320680.jpg"
"9338532a1b0cc21c621625f5d48f27d732975a5b.jpg","emoji\asoul","https://www.bilibili.com/read/cv14661885/","https://i0.hdslb.com/bfs/article/9338532a1b0cc21c621625f5d48f27d732975a5b.jpg"
"6f374bd35e2f672c22fa6884550a065815e65f4f.jpg","emoji\asoul","https://www.bilibili.com/read/cv14661885/","https://i0.hdslb.com/bfs/article/6f374bd35e2f672c22fa6884550a065815e65f4f.jpg"
"54c6a5568723eac038009ce66fd4245c1214836b.jpg","emoji\asoul","https://www.bilibili.com/read/cv14661885/","https://i0.hdslb.com/bfs/article/54c6a5568723eac038009ce66fd4245c1214836b.jpg"
"f62aa3635b7eb83e0ea6aa480c7ab905ae35ab99.jpg","emoji\asoul","https://www.bilibili.com/read/cv14661885/","https://i0.hdslb.com/bfs/article/f62aa3635b7eb83e0ea6aa480c7ab905ae35ab99.jpg"
"cc110e2db47e3efc48a16895f6624b35c311e054.jpg","emoji\asoul","https://www.bilibili.com/read/cv14661885/","https://i0.hdslb.com/bfs/article/cc110e2db47e3efc48a16895f6624b35c311e054.jpg"
"7ba9459fc0a0fa92b8da8e8de1e415ce7831538d.jpg","emoji\asoul","https://www.bilibili.com/read/cv14661885/","https://i0.hdslb.com/bfs/article/7ba9459fc0a0fa92b8da8e8de1e415ce7831538d.jpg"
"e90e6ff25270265a7e928bbf48bb3a481eadaf2e.jpg","emoji\asoul","https://www.bilibili.com/read/cv14661885/","https://i0.hdslb.com/bfs/article/e90e6ff25270265a7e928bbf48bb3a481eadaf2e.jpg"
"064830270129e4b94c4912ee34a08ac8f87fb519.jpg","emoji\asoul","https://www.bilibili.com/read/cv14661885/","https://i0.hdslb.com/bfs/article/064830270129e4b94c4912ee34a08ac8f87fb519.jpg"
"7015b64fde26d3f4cf82b2c3b3a1d7ca0ffd63f4.jpg","emoji\asoul","https://www.bilibili.com/read/cv14661885/","https://i0.hdslb.com/bfs/article/7015b64fde26d3f4cf82b2c3b3a1d7ca0ffd63f4.jpg"
"a5824e870935242d0906547344717782f4455a0f.jpg","emoji\asoul","https://www.bilibili.com/read/cv14661885/","https://i0.hdslb.com/bfs/article/a5824e870935242d0906547344717782f4455a0f.jpg"
"df679635826091e56d5c117a80118989ee7f329a.jpg","emoji\asoul","https://www.bilibili.com/read/cv14661885/","https://i0.hdslb.com/bfs/article/df679635826091e56d5c117a80118989ee7f329a.jpg"
"3744ca4456d68e70a069c59d4da608b95cdbf6e1.jpg","emoji\asoul","https://www.bilibili.com/read/cv14661885/","https://i0.hdslb.com/bfs/article/3744ca4456d68e70a069c59d4da608b95cdbf6e1.jpg"
"5e0f8b5ff5517a892d7957ca2c356c8fb9bff6fb.jpg","emoji\asoul","https://www.bilibili.com/read/cv14661885/","https://i0.hdslb.com/bfs/article/5e0f8b5ff5517a892d7957ca2c356c8fb9bff6fb.jpg"
"0d2d12b60adb34216c0089df6f63f13c886e3066.jpg","emoji\asoul","https://www.bilibili.com/read/cv14661885/","https://i0.hdslb.com/bfs/article/0d2d12b60adb34216c0089df6f63f13c886e3066.jpg"
"625c27b3a70b7b5072db22f31eabc797fffa495d.jpg","emoji\asoul","https://www.bilibili.com/read/cv14661885/","https://i0.hdslb.com/bfs/article/625c27b3a70b7b5072db22f31eabc797fffa495d.jpg"
"50ea6aadc6317e77def906d040fde0a1f9d884ef.jpg","emoji\asoul","https://www.bilibili.com/read/cv14661885/","https://i0.hdslb.com/bfs/article/50ea6aadc6317e77def906d040fde0a1f9d884ef.jpg"
"0625c0e556c3b613a809989da6c98513d7773ab8.jpg","emoji\asoul","https://www.bilibili.com/read/cv14661885/","https://i0.hdslb.com/bfs/article/0625c0e556c3b613a809989da6c98513d7773ab8.jpg"
"47a47b32f5ee7263377ee185547872b3f6726c3f.jpg","emoji\asoul","https://www.bilibili.com/read/cv14661885/","https://i0.hdslb.com/bfs/article/47a47b32f5ee7263377ee185547872b3f6726c3f.jpg"
"c2893b7e62bd0abf9952491f61948e83891ba229.jpg","emoji\asoul","https://www.bilibili.com/read/cv14661885/","https://i0.hdslb.com/bfs/article/c2893b7e62bd0abf9952491f61948e83891ba229.jpg"
"ed050208e3b6396e2acdbd4dd1ad90dfbb9d2a90.jpg","emoji\asoul","https://www.bilibili.com/read/cv14661885/","https://i0.hdslb.com/bfs/article/ed050208e3b6396e2acdbd4dd1ad90dfbb9d2a90.jpg"
"04a5912d094d2d68fd8d59308ba8e896c8619fb0.jpg","emoji\asoul","https://www.bilibili.com/read/cv14661885/","https://i0.hdslb.com/bfs/article/04a5912d094d2d68fd8d59308ba8e896c8619fb0.jpg"
"5177af20ba8d4b718adfc80e72862b6c848edc03.jpg","emoji\asoul","https://www.bilibili.com/read/cv14661885/","https://i0.hdslb.com/bfs/article/5177af20ba8d4b718adfc80e72862b6c848edc03.jpg"
"4f4401e00fcfa614727aeed9a673977c84d94e78.jpg","emoji\asoul","https://www.bilibili.com/read/cv14661885/","https://i0.hdslb.com/bfs/article/4f4401e00fcfa614727aeed9a673977c84d94e78.jpg"
"6136bdcde8696ede406e8d2e65ddc4cd821c97b3.jpg","emoji\asoul","https://www.bilibili.com/read/cv14661885/","https://i0.hdslb.com/bfs/article/6136bdcde8696ede406e8d2e65ddc4cd821c97b3.jpg"
"630af72bb288ffc8b3be482440f0b6ca8cba3f74.jpg","emoji\asoul","https://www.bilibili.com/read/cv14661885/","https://i0.hdslb.com/bfs/article/630af72bb288ffc8b3be482440f0b6ca8cba3f74.jpg"
"9875ae354c26a078ca5b3b3ca322b1b359d59fea.jpg","emoji\asoul","https://www.bilibili.com/read/cv14661885/","https://i0.hdslb.com/bfs/article/9875ae354c26a078ca5b3b3ca322b1b359d59fea.jpg"
"b869e096c0c71801f29018459feb9177f8dd29c4.jpg","emoji\asoul","https://www.bilibili.com/read/cv14661885/","https://i0.hdslb.com/bfs/article/b869e096c0c71801f29018459feb9177f8dd29c4.jpg"
"7ecd2996acfb1a300399321c2ed76862b01ab704.jpg","emoji\asoul","https://www.bilibili.com/read/cv14661885/","https://i0.hdslb.com/bfs/article/7ecd2996acfb1a300399321c2ed76862b01ab704.jpg"
"c95732b596489fdee1653666ace29f19f0b1a23a.jpg","emoji\asoul","https://www.bilibili.com/read/cv14661885/","https://i0.hdslb.com/bfs/article/c95732b596489fdee1653666ace29f19f0b1a23a.jpg"
"530f8017ed266ad3c8ea0a98482033ef1b4680b1.jpg","emoji\asoul","https://www.bilibili.com/read/cv14661885/","https://i0.hdslb.com/bfs/article/530f8017ed266ad3c8ea0a98482033ef1b4680b1.jpg"
"c57501d2c854266f1f51ed85815f52162b9838da.jpg","emoji\asoul","https://www.bilibili.com/read/cv14661885/","https://i0.hdslb.com/bfs/article/c57501d2c854266f1f51ed85815f52162b9838da.jpg"
"f86d78289abbc2595849e574716846048ee4fbdf.jpg","emoji\asoul","https://www.bilibili.com/read/cv14661885/","https://i0.hdslb.com/bfs/article/f86d78289abbc2595849e574716846048ee4fbdf.jpg"
"07ddd3919532f04b103ffb6562d55771270c947d.jpg","emoji\asoul","https://www.bilibili.com/read/cv14661885/","https://i0.hdslb.com/bfs/article/07ddd3919532f04b103ffb6562d55771270c947d.jpg"
"4a5b168fa70326faf899def58351a6d78d9993ac.jpg","emoji\asoul","https://www.bilibili.com/read/cv14661885/","https://i0.hdslb.com/bfs/article/4a5b168fa70326faf899def58351a6d78d9993ac.jpg"
"ff6c546cc7bb23ad4ad6e9bb5139a0c88d583a43.jpg","emoji\asoul","https://www.bilibili.com/read/cv14661885/","https://i0.hdslb.com/bfs/article/ff6c546cc7bb23ad4ad6e9bb5139a0c88d583a43.jpg"
"280526374a5cae0b482155a6950be5dbf44a8616.jpg","emoji\asoul","https://www.bilibili.com/read/cv14661885/","https://i0.hdslb.com/bfs/article/280526374a5cae0b482155a6950be5dbf44a8616.jpg"
"375b151a92e7d48279805fc7a2ba3731eec702b6.jpg","emoji\asoul","https://www.bilibili.com/read/cv14661885/","https://i0.hdslb.com/bfs/article/375b151a92e7d48279805fc7a2ba3731eec702b6.jpg"
"36ac698c0931996cfd2f71dcb12b1148b0cf0def.jpg","emoji\asoul","https://www.bilibili.com/read/cv14661885/","https://i0.hdslb.com/bfs/article/36ac698c0931996cfd2f71dcb12b1148b0cf0def.jpg"
"e67451b168dee0b7ef16f199f8f2b8d9145fbb1c.jpg","emoji\asoul","https://www.bilibili.com/read/cv14661885/","https://i0.hdslb.com/bfs/article/e67451b168dee0b7ef16f199f8f2b8d9145fbb1c.jpg"
