"File","Category","Source","SizeKB"
"plants\fans\beijixing_star_AI.png","plants/fans","ai-concept","492.8"
"plants\fans\jiaxintang_candy_AI.png","plants/fans","ai-concept","885.5"
"plants\fans\naiqilin_icecream_AI.png","plants/fans","ai-concept","662.4"
"zombies\a87\A87_base_AI.png","zombies/a87","ai-concept","394.7"
"zombies\a87\A87_bucket_AI.png","zombies/a87","ai-concept","259.8"
"zombies\a87\A87_dragon_boss_AI.png","zombies/a87","ai-concept","1200.2"
"zombies\boss\royal_knight_corrupted_AI.png","zombies/boss","ai-concept","750.8"
"plants\chibi\douban_qvban_1.jpg","plants/chibi","douban","53.1"
"plants\chibi\douban_qvban_2.jpg","plants/chibi","douban","53.1"
"_unsorted\赶走你的不开心.png","_unsorted/赶走你的不开心.png","moegirl","436.6"
"_unsorted\很有精神.png","_unsorted/很有精神.png","moegirl","415.6"
"plants\chibi\Ava_3d_preview2_pal8.png","plants/chibi","moegirl","1893.2"
"plants\chibi\Carol_3d_preview_pal8.png","plants/chibi","moegirl","1678.4"
"plants\chibi\Diana_3d_preview_pal8.png","plants/chibi","moegirl","1518.3"
"plants\chibi\Q_Ava.webp","plants/chibi","moegirl","34.8"
"plants\chibi\Q_Bella.webp","plants/chibi","moegirl","24.9"
"plants\chibi\Q_Carol.webp","plants/chibi","moegirl","27.9"
"plants\chibi\Q_Diana.webp","plants/chibi","moegirl","14.4"
"plants\chibi\Q_Eileen.webp","plants/chibi","moegirl","30.3"
"plants\chibi\珈乐_Keep联动Q版1.png","plants/chibi","moegirl","2338.4"
"plants\chibi\珈乐_Keep联动Q版2.png","plants/chibi","moegirl","2571.4"
"plants\chibi\珈乐_Keep联动Q版3.png","plants/chibi","moegirl","2235.5"
"plants\chibi\珈乐_Keep联动Q版4.png","plants/chibi","moegirl","2655.1"
"plants\chibi\珈乐_Keep联动Q版5.png","plants/chibi","moegirl","2283.7"
"plants\chibi\珈乐_超话Q版.png","plants/chibi","moegirl","2429.9"
"plants\chibi\珈乐_官方Q版.png","plants/chibi","moegirl","3385.2"
"plants\chibi\珈乐_花亦山心之月联动Q版.gif","plants/chibi","moegirl","875"
"plants\chibi\珈乐_肯德基联动Q版.png","plants/chibi","moegirl","1384.2"
"plants\chibi\珈乐_欧莱雅男士联动Q版1.png","plants/chibi","moegirl","1060.1"
"plants\chibi\珈乐_欧莱雅男士联动Q版2.png","plants/chibi","moegirl","97.3"
"plants\chibi\珈乐_新春Q版.png","plants/chibi","moegirl","1929.6"
"plants\fans\阿草_爱心.webp","plants/fans","moegirl","24.7"
"plants\fans\阿草直播间形象.jpg","plants/fans","moegirl","77.3"
"plants\idols\A-SOUL_嘉然_圣诞服.png","plants/idols","moegirl","194.9"
"plants\idols\Asoulx欧莱雅男士_嘉然.jpg","plants/idols","moegirl","7432.9"
"plants\idols\Asoulx欧莱雅男士_乃琳.jpg","plants/idols","moegirl","7403.5"
"plants\idols\A-SOUL-嘉然_新年旗袍.png","plants/idols","moegirl","140.5"
"plants\idols\贝拉Bella_公式.jpg","plants/idols","moegirl","1130.3"
"plants\idols\贝拉kira_我们是.png","plants/idols","moegirl","44.6"
"plants\idols\贝拉直播间形象.jpg","plants/idols","moegirl","183"
"plants\idols\地雷系小向晚.jpg","plants/idols","moegirl","4086.5"
"plants\idols\珈乐_COSMOS1.png","plants/idols","moegirl","6982.8"
"plants\idols\珈乐_COSMOS2.png","plants/idols","moegirl","12682.8"
"plants\idols\珈乐_Keep联动立绘1.png","plants/idols","moegirl","5638.2"
"plants\idols\珈乐_Keep联动立绘2.png","plants/idols","moegirl","5599.2"
"plants\idols\珈乐_常服立绘1.png","plants/idols","moegirl","3633.5"
"plants\idols\珈乐_常服立绘2.png","plants/idols","moegirl","3777"
"plants\idols\珈乐_常服内衬.png","plants/idols","moegirl","447.4"
"plants\idols\珈乐_常服浅色版.png","plants/idols","moegirl","553.5"
"plants\idols\珈乐_常服深色版.png","plants/idols","moegirl","852.2"
"plants\idols\珈乐_常服直播间封面.png","plants/idols","moegirl","4726.4"
"plants\idols\珈乐_春节装红毛衣.png","plants/idols","moegirl","554.8"
"plants\idols\珈乐_春节装蓝色版.png","plants/idols","moegirl","200.9"
"plants\idols\珈乐_春节装蓝色款立绘.png","plants/idols","moegirl","997.2"
"plants\idols\珈乐_春节装立绘.png","plants/idols","moegirl","2332.6"
"plants\idols\珈乐_春节装烫金外套.png","plants/idols","moegirl","776.6"
"plants\idols\珈乐_国风直播间封面.png","plants/idols","moegirl","2804.9"
"plants\idols\珈乐_国风装.png","plants/idols","moegirl","562.2"
"plants\idols\珈乐_国风装立绘.png","plants/idols","moegirl","1214.2"
"plants\idols\珈乐_华硕天选联动立绘.jpg","plants/idols","moegirl","551.2"
"plants\idols\珈乐_肯德基联动立绘.png","plants/idols","moegirl","3692.2"
"plants\idols\珈乐_酷麦克风.jpg","plants/idols","moegirl","556.9"
"plants\idols\珈乐_欧莱雅男士联动立绘（橙1）.png","plants/idols","moegirl","3283.6"
"plants\idols\珈乐_欧莱雅男士联动立绘（橙2）.png","plants/idols","moegirl","2479.6"
"plants\idols\珈乐_欧莱雅男士联动立绘（蓝）.png","plants/idols","moegirl","6221.1"
"plants\idols\珈乐_生日贺图.png","plants/idols","moegirl","20388"
"plants\idols\珈乐_生日装.png","plants/idols","moegirl","346.3"
"plants\idols\珈乐_圣诞装.png","plants/idols","moegirl","475.3"
"plants\idols\珈乐_水手服.png","plants/idols","moegirl","312.7"
"plants\idols\珈乐_团服1.png","plants/idols","moegirl","489.2"
"plants\idols\珈乐_团服抖音美好奇妙夜炫彩.png","plants/idols","moegirl","191.8"
"plants\idols\珈乐_团服立绘1.png","plants/idols","moegirl","1800.6"
"plants\idols\珈乐_休眠插画.png","plants/idols","moegirl","4222.4"
"plants\idols\珈乐_泳装1.png","plants/idols","moegirl","563.5"
"plants\idols\珈乐_泳装深色版.png","plants/idols","moegirl","928.1"
"plants\idols\珈乐_泳装直播间封面.png","plants/idols","moegirl","5961.8"
"plants\idols\珈乐_运动装.png","plants/idols","moegirl","400.6"
"plants\idols\珈乐_重置版立绘1.png","plants/idols","moegirl","2088.2"
"plants\idols\珈乐Carol.jpg","plants/idols","moegirl","1755.8"
"plants\idols\珈乐Carol_公式.jpg","plants/idols","moegirl","1052.9"
"plants\idols\珈乐Carol_决明子.png","plants/idols","moegirl","42.4"
"plants\idols\珈乐Carol_我们是.png","plants/idols","moegirl","51.8"
"plants\idols\珈乐团服.jpg","plants/idols","moegirl","854.2"
"plants\idols\珈乐直播间形象.jpg","plants/idols","moegirl","166.4"
"plants\idols\嘉然（1.0出道视频）形象.jpeg","plants/idols","moegirl","86.5"
"plants\idols\嘉然_我们是.png","plants/idols","moegirl","44.3"
"plants\idols\嘉然_写真图重制版.png","plants/idols","moegirl","685"
"plants\idols\嘉然-2023生日粉色花嫁.png","plants/idols","moegirl","535.8"
"plants\idols\嘉然4.0新模型.jpg","plants/idols","moegirl","1685.1"
"plants\idols\嘉然Diana.jpg","plants/idols","moegirl","2967"
"plants\idols\嘉然Diana_1.0.png","plants/idols","moegirl","155.1"
"plants\idols\嘉然Diana_Background_1.0.png","plants/idols","moegirl","4598"
"plants\idols\嘉然Diana_公式.jpg","plants/idols","moegirl","1246.7"
"plants\idols\嘉然JK校服.png","plants/idols","moegirl","1232"
"plants\idols\嘉然PICO演出服.jpeg","plants/idols","moegirl","52.3"
"plants\idols\嘉然赤伶.jpg","plants/idols","moegirl","56.8"
"plants\idols\嘉然出道官图.jpg","plants/idols","moegirl","187.8"
"plants\idols\嘉然纯白花嫁.jpg","plants/idols","moegirl","110.6"
"plants\idols\嘉然恶魔装.png","plants/idols","moegirl","5004.7"
"plants\idols\嘉然二周年赛博水手服.jpeg","plants/idols","moegirl","45"
"plants\idols\嘉然国风装.png","plants/idols","moegirl","182.4"
"plants\idols\嘉然和嘉心糖的契约合同.jpg","plants/idols","moegirl","923.3"
"plants\idols\嘉然黑白泳装.png","plants/idols","moegirl","126.1"
"plants\idols\嘉然花间酒.png","plants/idols","moegirl","305.4"
"plants\idols\嘉然蓝色常服.png","plants/idols","moegirl","6695.5"
"plants\idols\嘉然-睡衣.png","plants/idols","moegirl","684.5"
"plants\idols\嘉然头图.jpg","plants/idols","moegirl","1417.3"
"plants\idols\嘉然团服.jpg","plants/idols","moegirl","1296.3"
"plants\idols\嘉然团服.png","plants/idols","moegirl","174.2"
"plants\idols\嘉然团服恶魔版2.jpeg","plants/idols","moegirl","60.8"
"plants\idols\嘉然-夏服.png","plants/idols","moegirl","395.8"
"plants\idols\嘉然新春蓝色.png","plants/idols","moegirl","151.9"
"plants\idols\嘉然炫彩泳装.png","plants/idols","moegirl","134.6"
"plants\idols\嘉然炫彩泳装2.png","plants/idols","moegirl","60.3"
"plants\idols\嘉然一代.png","plants/idols","moegirl","338.7"
"plants\idols\嘉然羽毛球.png","plants/idols","moegirl","3798.1"
"plants\idols\嘉然运动背心.jpg","plants/idols","moegirl","185.4"
"plants\idols\嘉然直播间形象.jpg","plants/idols","moegirl","89.4"
"plants\idols\嘉然自画像.webp","plants/idols","moegirl","13.7"
"plants\idols\来芙Laffey_公式.jpg","plants/idols","moegirl","627.2"
"plants\idols\乃琳_常服立绘.jpeg","plants/idols","moegirl","67.8"
"plants\idols\乃琳_出道宣传官图.jpeg","plants/idols","moegirl","268.9"
"plants\idols\乃琳_写真图重制版.png","plants/idols","moegirl","664.9"
"plants\idols\乃琳2021生日会.jpeg","plants/idols","moegirl","33.8"
"plants\idols\乃琳2022生日会（白色国风）.jpeg","plants/idols","moegirl","167.7"
"plants\idols\乃琳2022生日会（黑色礼服）.jpeg","plants/idols","moegirl","77.4"
"plants\idols\乃琳2022生日会（红色国风）.jpeg","plants/idols","moegirl","33.2"
"plants\idols\乃琳2022生日会（面纱舞服）.jpeg","plants/idols","moegirl","42.5"
"plants\idols\乃琳-2023生日会纯白花嫁.png","plants/idols","moegirl","1236.1"
"plants\idols\乃琳Eileen.jpg","plants/idols","moegirl","1910.3"
"plants\idols\乃琳Eileen_公式.jpg","plants/idols","moegirl","1030.5"
"plants\idols\乃琳JK.jpeg","plants/idols","moegirl","42.9"
"plants\idols\乃琳PICO演出服.jpeg","plants/idols","moegirl","68.4"
"plants\idols\乃琳Queen_Background_1.0.jpg","plants/idols","moegirl","4492.1"
"plants\idols\乃琳Queen_我们是.png","plants/idols","moegirl","46.2"
"plants\idols\乃琳春节服装（冬奥）.webp","plants/idols","moegirl","54.6"
"plants\idols\乃琳春节服装（黑）.jpeg","plants/idols","moegirl","29.5"
"plants\idols\乃琳春节服装（红）.jpeg","plants/idols","moegirl","30.7"
"plants\idols\乃琳二周年赛博水手服.jpeg","plants/idols","moegirl","38.5"
"plants\idols\乃琳圣诞服.jpeg","plants/idols","moegirl","58.7"
"plants\idols\乃琳睡衣（粉色）.jpeg","plants/idols","moegirl","24.4"
"plants\idols\乃琳睡衣（黑白）.jpeg","plants/idols","moegirl","18.4"
"plants\idols\乃琳-睡衣.png","plants/idols","moegirl","626.5"
"plants\idols\乃琳团服.jpg","plants/idols","moegirl","1315.6"
"plants\idols\乃琳团服赤伶国风版.jpg","plants/idols","moegirl","151.6"
"plants\idols\乃琳-夏服.png","plants/idols","moegirl","309.2"
"plants\idols\乃琳演出服.jpeg","plants/idols","moegirl","69.1"
"plants\idols\乃琳一周年国风.jpeg","plants/idols","moegirl","105"
"plants\idols\乃琳泳装（二阶段）.jpeg","plants/idols","moegirl","21.2"
"plants\idols\乃琳泳装（一阶段）.jpeg","plants/idols","moegirl","20.9"
"plants\idols\乃琳泳装2.jpg","plants/idols","moegirl","316.7"
"plants\idols\乃琳泳装3.jpg","plants/idols","moegirl","301.2"
"plants\idols\乃琳泳装4.jpg","plants/idols","moegirl","364.6"
"plants\idols\乃琳运动服.webp","plants/idols","moegirl","12"
"plants\idols\乃琳直播间形象.jpg","plants/idols","moegirl","177.5"
"plants\idols\思诺_好耶.png","plants/idols","moegirl","14.6"
"plants\idols\思诺2024生日会立绘.jpg","plants/idols","moegirl","3847"
"plants\idols\思诺2024生日会新衣_普通ver.jpg","plants/idols","moegirl","584.8"
"plants\idols\思诺2024生日会新衣_外套ver.jpg","plants/idols","moegirl","485.2"
"plants\idols\思诺Gladys.jpg","plants/idols","moegirl","1020.3"
"plants\idols\思诺Gladys_公式.jpg","plants/idols","moegirl","429.8"
"plants\idols\思诺常服（黑化）.jpg","plants/idols","moegirl","634.9"
"plants\idols\思诺大表情_推眼镜.png","plants/idols","moegirl","227.3"
"plants\idols\向晚_AVA.png","plants/idols","moegirl","43"
"plants\idols\向晚_我们是.png","plants/idols","moegirl","46.3"
"plants\idols\向晚Ava.jpg","plants/idols","moegirl","2522.2"
"plants\idols\向晚Ava_公式.jpg","plants/idols","moegirl","1254"
"plants\idols\向晚团服.jpg","plants/idols","moegirl","1031.3"
"plants\idols\向晚直播间形象.jpg","plants/idols","moegirl","213.4"
"plants\idols\心宜2023生日会新衣.jpg","plants/idols","moegirl","750.6"
"plants\idols\心宜2023生日立绘.jpg","plants/idols","moegirl","2717.2"
"plants\idols\心宜Fiona.jpg","plants/idols","moegirl","1041.8"
"plants\idols\心宜Fiona_公式.jpg","plants/idols","moegirl","413.1"
"plants\idols\心宜常服（黑化）.jpg","plants/idols","moegirl","624.5"
"zombies\misc\A-SOUL_BW见面会_粉丝阵营划分.webp","zombies/misc","moegirl","43.3"
"zombies\misc\A-SOUL官方海报.jpg","zombies/misc","moegirl","281.1"
"zombies\misc\Emoji_双手合十.png","zombies/misc","moegirl","61.8"
"zombies\misc\Xllzzhijiang.png","zombies/misc","moegirl","255"
"zombies\misc\共鸣_Re-sonance_(上).png","zombies/misc","moegirl","2683.9"
"zombies\misc\闪耀无限.jpg","zombies/misc","moegirl","349.8"
"zombies\misc\血色新春_01.png","zombies/misc","moegirl","37.9"
"zombies\misc\绽放Bloom（下）.png","zombies/misc","moegirl","1831.8"
"zombies\misc\绽放吧_歌声_海报.jpg","zombies/misc","moegirl","16418"
"zombies\misc\枝江娱乐_Logo.png","zombies/misc","moegirl","32.4"
"zombies\misc\枝江娱乐_小Logo.png","zombies/misc","moegirl","10.2"
"_tieba\tieba_10519709146_001.jpg","_tieba/tieba_10519709146_001.jpg","tieba","122.3"
"_tieba\tieba_10519709146_002.jpg","_tieba/tieba_10519709146_002.jpg","tieba","171"
"_tieba\tieba_10519709146_003.jpg","_tieba/tieba_10519709146_003.jpg","tieba","100.3"
"_tieba\tieba_10519709146_004.jpg","_tieba/tieba_10519709146_004.jpg","tieba","338.9"
"_tieba\tieba_10798038925_001.jpg","_tieba/tieba_10798038925_001.jpg","tieba","100.6"
"_tieba\tieba_10798038925_002.jpg","_tieba/tieba_10798038925_002.jpg","tieba","86.1"
"_tieba\tieba_10798038925_003.jpg","_tieba/tieba_10798038925_003.jpg","tieba","112.1"
"_tieba\tieba_10798038925_004.jpg","_tieba/tieba_10798038925_004.jpg","tieba","132.3"
"_tieba\tieba_10798038925_005.jpg","_tieba/tieba_10798038925_005.jpg","tieba","139.8"
"_tieba\tieba_10798038925_006.jpg","_tieba/tieba_10798038925_006.jpg","tieba","145.3"
"_tieba\tieba_10798038925_007.jpg","_tieba/tieba_10798038925_007.jpg","tieba","372.1"
"_tieba\tieba_10798038925_008.jpg","_tieba/tieba_10798038925_008.jpg","tieba","106.5"
"_tieba\tieba_10798038925_009.jpg","_tieba/tieba_10798038925_009.jpg","tieba","115.5"
"_tieba\tieba_10901627885_002.jpg","_tieba/tieba_10901627885_002.jpg","tieba","2591.5"
"_tieba\tieba_10901627885_003.jpg","_tieba/tieba_10901627885_003.jpg","tieba","1571.4"
"_tieba\tieba_10966920695_001.jpg","_tieba/tieba_10966920695_001.jpg","tieba","149.5"
"_tieba\tieba_10966920695_002.jpg","_tieba/tieba_10966920695_002.jpg","tieba","260.5"
"_tieba\tieba_10966920695_004.jpg","_tieba/tieba_10966920695_004.jpg","tieba","313.7"
"_tieba\tieba_10966920695_005.jpg","_tieba/tieba_10966920695_005.jpg","tieba","18.2"
"_tieba\tieba_10967970098_001.jpg","_tieba/tieba_10967970098_001.jpg","tieba","123.7"
"_tieba\tieba_10968918991_002.jpg","_tieba/tieba_10968918991_002.jpg","tieba","214.4"
"_tieba\tieba_10968918991_003.jpg","_tieba/tieba_10968918991_003.jpg","tieba","9.6"
"_tieba\tieba_10969108911_002.jpg","_tieba/tieba_10969108911_002.jpg","tieba","401.4"
"_tieba\tieba_10969383169_001.jpg","_tieba/tieba_10969383169_001.jpg","tieba","174.1"
"_tieba\tieba_10969383169_002.jpg","_tieba/tieba_10969383169_002.jpg","tieba","190.7"
"_tieba\tieba_10970558291_001.jpg","_tieba/tieba_10970558291_001.jpg","tieba","277.6"
"_tieba\tieba_10977053069_001.jpg","_tieba/tieba_10977053069_001.jpg","tieba","987.2"
"_tieba\tieba_10977053069_002.jpg","_tieba/tieba_10977053069_002.jpg","tieba","927.8"
"_tieba\tieba_10977053069_003.jpg","_tieba/tieba_10977053069_003.jpg","tieba","875.2"
"_tieba\tieba_10977053069_004.jpg","_tieba/tieba_10977053069_004.jpg","tieba","1169.2"
"_tieba\tieba_10977053069_005.jpg","_tieba/tieba_10977053069_005.jpg","tieba","246"
"_tieba\tieba_10977053069_006.jpg","_tieba/tieba_10977053069_006.jpg","tieba","986.7"
"_tieba\tieba_10977053069_007.jpg","_tieba/tieba_10977053069_007.jpg","tieba","125.5"
